Workbook

Sheet System_A
A1: SYSTEM A — Core Banking Ledger
A2: Source: Core Banking System | Extract Date: 31/03/2024 | Period: Q1 2024
A3: Transaction ID | B3: Value Date | C3: Counterparty | D3: Transaction Type | E3: Amount | F3: Currency
A4: TXN-1001 | B4: 23/03/2024 | C4: HSBC | D4: Receipt | E4: 17380.32 | F4: USD
A5: TXN-1002 | B5: 30/01/2024 | C5: Lloyds | D5: Equity Trade | E5: 369553.25 | F5: EUR
A6: TXN-1003 | B6: 13/01/2024 | C6: BNP Paribas | D6: Payment | E6: 213851.3 | F6: GBP
A7: TXN-1004 | B7: 29/01/2024 | C7: NatWest | D7: Equity Trade | E7: 255150.87 | F7: GBP
A8: TXN-1005 | B8: 27/01/2024 | C8: Deutsche Bank | D8: Equity Trade | E8: 212662.31 | F8: USD
A9: TXN-1006 | B9: 06/02/2024 | C9: Barclays | D9: Bond Settlement | E9: 380609.65 | F9: GBP
A10: TXN-1007 | B10: 14/02/2024 | C10: Santander | D10: Payment | E10: 81962.35 | F10: USD
A11: TXN-1008 | B11: 13/01/2024 | C11: JP Morgan | D11: Equity Trade | E11: 52874.61 | F11: USD
A12: TXN-1009 | B12: 04/02/2024 | C12: Barclays | D12: Payment | E12: 366217.23 | F12: EUR
A13: TXN-1010 | B13: 19/02/2024 | C13: HSBC | D13: Equity Trade | E13: 278260.11 | F13: EUR
A14: TXN-1011 | B14: 17/02/2024 | C14: BNP Paribas | D14: Payment | E14: 100182.85 | F14: GBP
A15: TXN-1012 | B15: 26/03/2024 | C15: NatWest | D15: Receipt | E15: 387668.83 | F15: GBP
... A63: TXN-1060 | B63: 18/03/2024 | C63: HSBC | D63: Bond Settlement | E63: 339230.21 | F63: GBP

Sheet System_B
A1: SYSTEM B — Treasury Management System
A2: Source: Treasury Management System | Extract Date: 31/03/2024 | Period: Q1 2024
A3: Transaction ID | B3: Value Date | C3: Counterparty | D3: Transaction Type | E3: Amount | F3: Currency
A4: TXN-1001 | B4: 23/03/2024 | C4: HSBC | D4: Receipt | E4: 17380.32 | F4: USD | J4: =VLOOKUP(A4,A3:F60,3,FALSE) -> HSBC
A5: TXN-1002 | B5: 30/01/2024 | C5: Lloyds | D5: Equity Trade | E5: 369553.25 | F5: EUR
A6: TXN-1003 | B6: 18/01/2024 | C6: BNP Paribas | D6: Payment | E6: 213851.3 | F6: GBP
A7: TXN-1004 | B7: 29/01/2024 | C7: NatWest | D7: Equity Trade | E7: 255150.87 | F7: GBP
A8: TXN-1005 | B8: 27/01/2024 | C8: Deutsche Bank | D8: Equity Trade | E8: 212449.65 | F8: USD
A9: TXN-1006 | B9: 06/02/2024 | C9: Barclays | D9: Bond Settlement | E9: 380609.65 | F9: GBP
A10: TXN-1007 | B10: 14/02/2024 | C10: Santander | D10: Payment | E10: 81962.35 | F10: USD
A11: TXN-1009 | B11: 04/02/2024 | C11: Barclays | D11: Payment | E11: 366217.23 | F11: EUR
A12: TXN-1010 | B12: 19/02/2024 | C12: HSBC | D12: Equity Trade | E12: 278260.11 | F12: EUR
A13: TXN-1011 | B13: 17/02/2024 | C13: BNP Paribas | D13: Payment | E13: 100182.85 | F13: GBP
A14: TXN-1012 | B14: 26/03/2024 | C14: NatWest | D14: Receipt | E14: 388056.5 | F14: GBP
A15: TXN-1013 | B15: 14/01/2024 | C15: JP Morgan | D15: FX Trade | E15: 142596.93 | F15: EUR
A16: TXN-1014 | B16: 22/01/2024 | C16: Goldman Sachs | D16: FX Trade | E16: 180859 | F16: EUR
... A60: TXN-1060 | B60: 18/03/2024 | C60: HSBC | D60: Bond Settlement | E60: 339230.21 | F60: GBP

Sheet Reconciliation
A1: Transaction ID (SYSTEM A) | B1: In System B? | C1: Amount (A) | D1: Amount (B) | E1: Difference | F1: Difference (Number) | G1: Break Type | H1: Match Rate | I1: Total Breaks | J1: Break Rate % | K1: Total Absolute Difference | L1: Largest Single Mismatch
A2: {=System_A!A4:A63} -> TXN-1001 | B2: =IFERROR(VLOOKUP(A2,System_B!$A:$A,1,0),"MISSING") -> TXN-1001 | C2: =VLOOKUP(A2,System_A!$A$4:$F$63,5,FALSE) -> 17380.32 | D2: =IFERROR(VLOOKUP(B2,System_B!$A$4:$F$60,5,FALSE),0) -> 17380.32 | E2: =IF(B2="MISSING","N/A",C2-D2) -> 0 | F2: 0 | G2: =IF(B2="MISSING","Missing",IF(E2<>0,"Amount Mismatch","Match")) -> Match | H2: =((COUNTIF($G$2:$G$61,"Match"))/60*100) -> 86.666667 | I2: =COUNTIF(G2:G61,"<>Match") -> 8 | J2: =(COUNTIF(G2:G61,"<>Match")/60*100) -> 13.333333 | K2: {=SUMPRODUCT((G2:G61="Amount Mismatch")*IFERROR(ABS(E2:E61),0))} -> 12067.57 | L2: {=MAX(IF(G2:G61="Amount Mismatch",ABS(E2:E61)))} -> 10722.66
A3: TXN-1002 | B3: =IFERROR(VLOOKUP(A3,System_B!$A:$A,1,0),"MISSING") -> TXN-1002 | C3: =VLOOKUP(A3,System_A!$A$4:$F$63,5,FALSE) -> 369553.25 | D3: =IFERROR(VLOOKUP(B3,System_B!$A$4:$F$60,5,FALSE),0) -> 369553.25 | E3: =IF(B3="MISSING","N/A",C3-D3) -> 0 | F3: 0 | G3: =IF(B3="MISSING","Missing",IF(E3<>0,"Amount Mismatch","Match")) -> Match
A4: TXN-1003 | B4: =IFERROR(VLOOKUP(A4,System_B!$A:$A,1,0),"MISSING") -> TXN-1003 | C4: =VLOOKUP(A4,System_A!$A$4:$F$63,5,FALSE) -> 213851.3 | D4: =IFERROR(VLOOKUP(B4,System_B!$A$4:$F$60,5,FALSE),0) -> 213851.3 | E4: =IF(B4="MISSING","N/A",C4-D4) -> 0 | F4: 0 | G4: =IF(B4="MISSING","Missing",IF(E4<>0,"Amount Mismatch","Match")) -> Match
A5: TXN-1004 | B5: =IFERROR(VLOOKUP(A5,System_B!$A:$A,1,0),"MISSING") -> TXN-1004 | C5: =VLOOKUP(A5,System_A!$A$4:$F$63,5,FALSE) -> 255150.87 | D5: =IFERROR(VLOOKUP(B5,System_B!$A$4:$F$60,5,FALSE),0) -> 255150.87 | E5: =IF(B5="MISSING","N/A",C5-D5) -> 0 | F5: 0 | G5: =IF(B5="MISSING","Missing",IF(E5<>0,"Amount Mismatch","Match")) -> Match
A6: TXN-1005 | B6: =IFERROR(VLOOKUP(A6,System_B!$A:$A,1,0),"MISSING") -> TXN-1005 | C6: =VLOOKUP(A6,System_A!$A$4:$F$63,5,FALSE) -> 212662.31 | D6: =IFERROR(VLOOKUP(B6,System_B!$A$4:$F$60,5,FALSE),0) -> 212449.65 | E6: =IF(B6="MISSING","N/A",C6-D6) -> 212.66 | F6: 212.66 | G6: =IF(B6="MISSING","Missing",IF(E6<>0,"Amount Mismatch","Match")) -> Amount Mismatch
A7: TXN-1006 | B7: =IFERROR(VLOOKUP(A7,System_B!$A:$A,1,0),"MISSING") -> TXN-1006 | C7: =VLOOKUP(A7,System_A!$A$4:$F$63,5,FALSE) -> 380609.65 | D7: =IFERROR(VLOOKUP(B7,System_B!$A$4:$F$60,5,FALSE),0) -> 380609.65 | E7: =IF(B7="MISSING","N/A",C7-D7) -> 0 | F7: 0 | G7: =IF(B7="MISSING","Missing",IF(E7<>0,"Amount Mismatch","Match")) -> Match
A8: TXN-1007 | B8: =IFERROR(VLOOKUP(A8,System_B!$A:$A,1,0),"MISSING") -> TXN-1007 | C8: =VLOOKUP(A8,System_A!$A$4:$F$63,5,FALSE) -> 81962.35 | D8: =IFERROR(VLOOKUP(B8,System_B!$A$4:$F$60,5,FALSE),0) -> 81962.35 | E8: =IF(B8="MISSING","N/A",C8-D8) -> 0 | F8: 0 | G8: =IF(B8="MISSING","Missing",IF(E8<>0,"Amount Mismatch","Match")) -> Match
A9: TXN-1008 | B9: =IFERROR(VLOOKUP(A9,System_B!$A:$A,1,0),"MISSING") -> MISSING | C9: =VLOOKUP(A9,System_A!$A$4:$F$63,5,FALSE) -> 52874.61 | D9: =IFERROR(VLOOKUP(B9,System_B!$A$4:$F$60,5,FALSE),0) -> 0 | E9: =IF(B9="MISSING","N/A",C9-D9) -> N/A | F9: 0 | G9: =IF(B9="MISSING","Missing",IF(E9<>0,"Amount Mismatch","Match")) -> Missing
A10: TXN-1009 | B10: =IFERROR(VLOOKUP(A10,System_B!$A:$A,1,0),"MISSING") -> TXN-1009 | C10: =VLOOKUP(A10,System_A!$A$4:$F$63,5,FALSE) -> 366217.23 | D10: =IFERROR(VLOOKUP(B10,System_B!$A$4:$F$60,5,FALSE),0) -> 366217.23 | E10: =IF(B10="MISSING","N/A",C10-D10) -> 0 | F10: 0 | G10: =IF(B10="MISSING","Missing",IF(E10<>0,"Amount Mismatch","Match")) -> Match
A11: TXN-1010 | B11: =IFERROR(VLOOKUP(A11,System_B!$A:$A,1,0),"MISSING") -> TXN-1010 | C11: =VLOOKUP(A11,System_A!$A$4:$F$63,5,FALSE) -> 278260.11 | D11: =IFERROR(VLOOKUP(B11,System_B!$A$4:$F$60,5,FALSE),0) -> 278260.11 | E11: =IF(B11="MISSING","N/A",C11-D11) -> 0 | F11: 0 | G11: =IF(B11="MISSING","Missing",IF(E11<>0,"Amount Mismatch","Match")) -> Match
A12: TXN-1011 | B12: =IFERROR(VLOOKUP(A12,System_B!$A:$A,1,0),"MISSING") -> TXN-1011 | C12: =VLOOKUP(A12,System_A!$A$4:$F$63,5,FALSE) -> 100182.85 | D12: =IFERROR(VLOOKUP(B12,System_B!$A$4:$F$60,5,FALSE),0) -> 100182.85 | E12: =IF(B12="MISSING","N/A",C12-D12) -> 0 | F12: 0 | G12: =IF(B12="MISSING","Missing",IF(E12<>0,"Amount Mismatch","Match")) -> Match
A13: TXN-1012 | B13: =IFERROR(VLOOKUP(A13,System_B!$A:$A,1,0),"MISSING") -> TXN-1012 | C13: =VLOOKUP(A13,System_A!$A$4:$F$63,5,FALSE) -> 387668.83 | D13: =IFERROR(VLOOKUP(B13,System_B!$A$4:$F$60,5,FALSE),0) -> 388056.5 | E13: =IF(B13="MISSING","N/A",C13-D13) -> -387.67 | F13: -387.67 | G13: =IF(B13="MISSING","Missing",IF(E13<>0,"Amount Mismatch","Match")) -> Amount Mismatch
A14: TXN-1013 | B14: =IFERROR(VLOOKUP(A14,System_B!$A:$A,1,0),"MISSING") -> TXN-1013 | C14: =VLOOKUP(A14,System_A!$A$4:$F$63,5,FALSE) -> 142596.93 | D14: =IFERROR(VLOOKUP(B14,System_B!$A$4:$F$60,5,FALSE),0) -> 142596.93 | E14: =IF(B14="MISSING","N/A",C14-D14) -> 0 | F14: 0 | G14: =IF(B14="MISSING","Missing",IF(E14<>0,"Amount Mismatch","Match")) -> Match
... A61: TXN-1060 | B61: =IFERROR(VLOOKUP(A61,System_B!$A:$A,1,0),"MISSING") -> TXN-1060 | C61: =VLOOKUP(A61,System_A!$A$4:$F$63,5,FALSE) -> 339230.21 | D61: =IFERROR(VLOOKUP(B61,System_B!$A$4:$F$60,5,FALSE),0) -> 339230.21 | E61: =IF(B61="MISSING","N/A",C61-D61) -> 0 | F61: 0 | G61: =IF(B61="MISSING","Missing",IF(E61<>0,"Amount Mismatch","Match")) -> Match

Sheet README
A1: DATASET README — Reconciliation Project
A3: PURPOSE | B3: Simulated dual-system transaction dataset for a reconciliation dashboard project.
B4: Mirrors real-world scenarios from financial services implementations.
A6: SYSTEM A | B6: Core Banking Ledger — 60 transactions, Q1 2024
A7: SYSTEM B | B7: Treasury Management System — 57 transactions (3 missing)
A9: MISMATCHES | B9: The following deliberate breaks have been introduced:
A11: MISSING (3) | B11: TXN-1008, TXN-1019, TXN-1031 exist in System A but NOT in System B
A12: AMOUNT (5) | B12: TXN-1005, TXN-1012, TXN-1023, TXN-1037, TXN-1048 — amounts differ slightly
A13: DATE (2) | B13: TXN-1003, TXN-1044 — value date differs between systems
A14: COUNTERPTY | B14: TXN-1027 — counterparty name differs between systems
A16: TOTAL | B16: 11 breaks out of 60 transactions = ~18.3% break rate
A18: SQL USE | B18: Load both sheets into a SQLite/PostgreSQL DB as tables system_a and system_b
B19: Then write queries to: find missing records, compare amounts, calculate match rate
A21: POWER BI | B21: Connect Power BI Desktop to this file, load both sheets, use Power Query to merge
B22: Build KPI cards, mismatch tables, trend charts from the SQL or PQ output
